label,level,cpu_time_s,gpu_active_s,gpu_attached_s,ingress_tokens,egress_tokens,reasoning_tokens,latency_s
lora_sft,phase,237.67,192.4421,192.7073,0,0,0,192.7073
reason_single,phase,66.92,70.1114,70.1114,990,626,0,70.1114
comparison_EGFR_L858R_single,phase,75.66,92.0607,92.061,990,626,0,92.061
cot_EGFR_L858R,phase,45.4,45.1433,45.1435,1010,535,0,45.1435
comparison_EGFR_L858R_cot,phase,45.42,45.1686,45.1686,1010,535,0,45.1686
blackboard_EGFR_L858R,phase,0.0,0.0005,0.0006,0,0,0,0.0006
comparison_EGFR_L858R_blackboard,phase,0.01,0.0403,0.0403,0,0,0,0.0403
reason_single,phase,64.5,67.4797,67.4797,990,626,0,67.4797
comparison_EGFR_L858R_single,phase,64.73,67.7474,67.7475,990,626,0,67.7475
cot_EGFR_L858R,phase,45.6,45.3597,45.3597,1010,535,0,45.3597
comparison_EGFR_L858R_cot,phase,45.62,45.3851,45.3851,1010,535,0,45.3851
blackboard_EGFR_L858R,phase,76.45,76.1481,76.1483,5808,892,0,76.1483
comparison_EGFR_L858R_blackboard,phase,76.49,76.1826,76.1826,5808,892,0,76.1826
reason_single,phase,37.53,37.3319,37.3319,1287,442,0,37.3319
comparison_EGFR_T790M_single,phase,38.06,42.0762,42.0764,1287,442,0,42.0764
cot_EGFR_T790M,phase,71.77,71.4192,71.4193,1307,848,0,71.4193
comparison_EGFR_T790M_cot,phase,71.8,71.4428,71.4428,1307,848,0,71.4428
blackboard_EGFR_T790M,phase,59.91,59.6527,59.6527,6115,699,0,59.6527
comparison_EGFR_T790M_blackboard,phase,59.93,59.6767,59.6767,6115,699,0,59.6767
reason_single,phase,40.33,40.1183,40.1183,1134,475,0,40.1183
comparison_PIK3CA_E545K_single,phase,40.83,42.9624,42.9625,1134,475,0,42.9625
cot_PIK3CA_E545K,phase,86.6,86.169,86.1691,1154,1024,0,86.1691
comparison_PIK3CA_E545K_cot,phase,86.62,86.1926,86.1926,1154,1024,0,86.1926
blackboard_PIK3CA_E545K,phase,63.86,63.5947,63.5946,5357,749,0,63.5946
comparison_PIK3CA_E545K_blackboard,phase,63.88,63.6183,63.6183,5357,749,0,63.6183
debate_PIK3CA_E545K,phase,169.52,124.2286,124.2286,1779,2181,0,124.2286
comparison_PIK3CA_E545K_debate,phase,169.76,124.4921,124.4922,1779,2181,0,124.4922
reason_single,phase,46.86,46.597,46.597,1062,549,0,46.597
comparison_TP53_R175H_single,phase,47.68,49.8273,49.8275,1062,549,0,49.8275
cot_TP53_R175H,phase,53.51,53.2405,53.2407,1082,636,0,53.2407
comparison_TP53_R175H_cot,phase,53.53,53.264,53.264,1082,636,0,53.264
blackboard_TP53_R175H,phase,60.93,60.6963,60.6967,5312,716,0,60.6967
comparison_TP53_R175H_blackboard,phase,60.95,60.7205,60.7205,5312,716,0,60.7205
rescue_TP53_R175H,phase,101.28,205.6646,205.6644,0,0,0,205.6644
eval_EGFR_L858R_compare,phase,0.35,0.0502,0.3599,0,0,0,0.3599
eval_EGFR_T790M_compare,phase,0.05,0.0414,0.0414,0,0,0,0.0414
eval_PIK3CA_E545K_compare,phase,0.04,0.0465,0.0465,0,0,0,0.0465
eval_TP53_R175H_compare,phase,0.04,0.0481,0.0481,0,0,0,0.0481
